0.053,0.0885,0.1997,0.2604,0.3225,0.2247,0.0617,0.2287,0.095,0.074,0.161,0.2226,0.2703,0.3365,0.4266,0.4144,0.5655,0.6921,0.8547,0.9234,0.9171,1.0,0.9532,0.9101,0.8337,0.7053,0.6534,0.4483,0.246,0.202,0.1446,0.0994,0.151,0.2392,0.4434,0.5023,0.4441,0.4571,0.3927,0.29,0.3408,0.499,0.3632,0.1387,0.18,0.1299,0.0523,0.0817,0.0469,0.0114,0.0299,0.0244,0.0199,0.0257,0.0082,0.0151,0.0171,0.0146,0.0134,0.0056,M
0.0317,0.0956,0.1321,0.1408,0.1674,0.171,0.0731,0.1401,0.2083,0.3513,0.1786,0.0658,0.0513,0.3752,0.5419,0.544,0.515,0.4262,0.2024,0.4233,0.7723,0.9735,0.939,0.5559,0.5268,0.6826,0.5713,0.5429,0.2177,0.2149,0.5811,0.6323,0.2965,0.1873,0.2969,0.5163,0.6153,0.4283,0.5479,0.6133,0.5017,0.2377,0.1957,0.1749,0.1304,0.0597,0.1124,0.1047,0.0507,0.0159,0.0195,0.0201,0.0248,0.0131,0.007,0.0138,0.0092,0.0143,0.0036,0.0103,R
0.0201,0.0423,0.0554,0.0783,0.062,0.0871,0.1201,0.2707,0.1206,0.0279,0.2251,0.2615,0.177,0.3709,0.4533,0.5553,0.4616,0.3797,0.345,0.2665,0.2395,0.1127,0.2556,0.5169,0.3779,0.4082,0.5353,0.5116,0.4544,0.4258,0.3869,0.3939,0.4661,0.3974,0.2194,0.1816,0.1023,0.2108,0.3253,0.3697,0.2912,0.301,0.2563,0.1927,0.2062,0.1751,0.0841,0.1035,0.0641,0.0153,0.0081,0.0191,0.0182,0.016,0.029,0.009,0.0242,0.0224,0.019,0.0096,M
0.0177,0.03,0.0288,0.0394,0.063,0.0526,0.0688,0.0633,0.0624,0.0613,0.168,0.3476,0.4561,0.5188,0.6308,0.7201,0.5153,0.3818,0.2644,0.3345,0.4865,0.6628,0.7389,0.9213,1.0,0.775,0.5593,0.6172,0.8635,0.6592,0.477,0.4983,0.333,0.3076,0.2876,0.2226,0.0794,0.0603,0.1049,0.0606,0.153,0.0983,0.1643,0.1901,0.1107,0.1917,0.1467,0.0392,0.0356,0.027,0.0168,0.0102,0.0122,0.0044,0.0075,0.0124,0.0099,0.0057,0.0032,0.0019,R
0.009,0.0062,0.0253,0.0489,0.1197,0.1589,0.1392,0.0987,0.0955,0.1895,0.1896,0.2547,0.4073,0.2988,0.2901,0.5326,0.4022,0.1571,0.3024,0.3907,0.3542,0.4438,0.6414,0.4601,0.6009,0.869,0.8345,0.7669,0.5081,0.462,0.538,0.5375,0.3844,0.3601,0.7402,0.7761,0.3858,0.0667,0.3684,0.6114,0.351,0.2312,0.2195,0.3051,0.1937,0.157,0.0479,0.0538,0.0146,0.0068,0.0187,0.0059,0.0095,0.0194,0.008,0.0152,0.0158,0.0053,0.0189,0.0102,R
0.0071,0.0103,0.0135,0.0494,0.0253,0.0806,0.0701,0.0738,0.0117,0.0898,0.0289,0.1554,0.1437,0.1035,0.1424,0.1227,0.0892,0.2047,0.0827,0.1524,0.3031,0.1608,0.0667,0.1426,0.0395,0.1653,0.3399,0.4855,0.5206,0.5508,0.6102,0.5989,0.6764,0.8897,1.0,0.9517,0.8459,0.7073,0.6697,0.6326,0.5102,0.4161,0.2816,0.1705,0.1421,0.0971,0.0879,0.0863,0.0355,0.0233,0.0252,0.0043,0.0048,0.0076,0.0124,0.0105,0.0054,0.0032,0.0073,0.0063,R
0.0131,0.0387,0.0329,0.0078,0.0721,0.1341,0.1626,0.1902,0.261,0.3193,0.3468,0.3738,0.3055,0.1926,0.1385,0.2122,0.2758,0.4576,0.6487,0.7154,0.801,0.7924,0.8793,1.0,0.9865,0.9474,0.9474,0.9315,0.8326,0.6213,0.3772,0.2822,0.2042,0.219,0.2223,0.1327,0.0521,0.0618,0.1416,0.146,0.0846,0.1055,0.1639,0.1916,0.2085,0.2335,0.1964,0.13,0.0633,0.0183,0.0137,0.015,0.0076,0.0032,0.0037,0.0071,0.004,0.0009,0.0015,0.0085,M
0.0187,0.0346,0.0168,0.0177,0.0393,0.163,0.2028,0.1694,0.2328,0.2684,0.3108,0.2933,0.2275,0.0994,0.1801,0.22,0.2732,0.2862,0.2034,0.174,0.413,0.6879,0.812,0.8453,0.8919,0.93,0.9987,1.0,0.8104,0.6199,0.6041,0.5547,0.416,0.1472,0.0849,0.0608,0.0969,0.1411,0.1676,0.12,0.1201,0.1036,0.1977,0.1339,0.0902,0.1085,0.1521,0.1363,0.0858,0.029,0.0203,0.0116,0.0098,0.0199,0.0033,0.0101,0.0065,0.0115,0.0193,0.0157,M
0.0195,0.0213,0.0058,0.019,0.0319,0.0571,0.1004,0.0668,0.0691,0.0242,0.0728,0.0639,0.3002,0.3854,0.4767,0.4602,0.3175,0.416,0.6428,1.0,0.8631,0.5212,0.3156,0.5952,0.7732,0.6042,0.4375,0.5487,0.472,0.6235,0.3851,0.159,0.3891,0.5294,0.3504,0.448,0.4041,0.5031,0.6475,0.5493,0.3548,0.2028,0.1882,0.0845,0.1315,0.159,0.0562,0.0617,0.0343,0.037,0.0261,0.0157,0.0074,0.0271,0.0203,0.0089,0.0095,0.0095,0.0021,0.0053,R
0.0135,0.0045,0.0051,0.0289,0.0561,0.0929,0.1031,0.0883,0.1596,0.1908,0.1576,0.1112,0.1197,0.1174,0.1415,0.2215,0.2658,0.2713,0.3862,0.5717,0.6797,0.8747,1.0,0.8948,0.842,0.9174,0.9307,0.905,0.8228,0.6986,0.5831,0.4924,0.4563,0.5159,0.567,0.5284,0.5144,0.3742,0.2282,0.1193,0.1088,0.0431,0.107,0.0583,0.0046,0.0473,0.0408,0.029,0.0192,0.0094,0.0025,0.0037,0.0084,0.0102,0.0096,0.0024,0.0037,0.0028,0.003,0.003,R
0.0093,0.0185,0.0056,0.0064,0.026,0.0458,0.047,0.0057,0.0425,0.064,0.0888,0.1599,0.1541,0.2768,0.2176,0.2799,0.3491,0.2824,0.2479,0.3005,0.43,0.4684,0.452,0.5026,0.6217,0.6571,0.6632,0.7321,0.8534,1.0,0.8448,0.6354,0.6308,0.6211,0.6976,0.5868,0.4889,0.3683,0.2043,0.1469,0.222,0.1449,0.149,0.1211,0.1144,0.0791,0.0365,0.0152,0.0085,0.012,0.0022,0.0069,0.0064,0.0129,0.0114,0.0054,0.0089,0.005,0.0058,0.0025,R
0.0363,0.0478,0.0298,0.021,0.1409,0.1916,0.1349,0.1613,0.1703,0.1444,0.1989,0.2154,0.2863,0.357,0.398,0.4359,0.5334,0.6304,0.6995,0.7435,0.8379,0.8641,0.9014,0.9432,0.9536,1.0,0.9547,0.9745,0.8962,0.7196,0.5462,0.3156,0.2525,0.1969,0.2189,0.1533,0.0711,0.1498,0.1755,0.2276,0.1322,0.1056,0.1973,0.1692,0.1881,0.1177,0.0779,0.0495,0.0492,0.0194,0.025,0.0115,0.019,0.0055,0.0096,0.005,0.0066,0.0114,0.0073,0.0033,M
0.0211,0.0128,0.0015,0.045,0.0711,0.1563,0.1518,0.1206,0.1666,0.1345,0.0785,0.0367,0.1227,0.2614,0.428,0.6122,0.7435,0.813,0.9006,0.9603,0.9162,0.914,0.7851,0.5134,0.3439,0.329,0.2571,0.3685,0.5765,0.619,0.4613,0.3615,0.4434,0.3864,0.3093,0.2138,0.1112,0.1386,0.1523,0.0996,0.1644,0.1902,0.1313,0.1776,0.2,0.0765,0.0727,0.0749,0.0449,0.0134,0.0174,0.0117,0.0023,0.0047,0.0049,0.0031,0.0024,0.0039,0.0051,0.0015,M
0.0124,0.0433,0.0604,0.0449,0.0597,0.0355,0.0531,0.0343,0.1052,0.212,0.164,0.1901,0.3026,0.2019,0.0592,0.239,0.3657,0.3809,0.5929,0.6299,0.5801,0.4574,0.4449,0.3691,0.6446,0.894,0.8978,0.498,0.3333,0.235,0.1553,0.3666,0.434,0.3082,0.3024,0.4109,0.5501,0.4129,0.5499,0.5018,0.3132,0.2802,0.2351,0.2298,0.1155,0.0724,0.0621,0.0318,0.045,0.0167,0.0078,0.0083,0.0057,0.0174,0.0188,0.0054,0.0114,0.0196,0.0147,0.0062,R
0.0181,0.0146,0.0026,0.0141,0.0421,0.0473,0.0361,0.0741,0.1398,0.1045,0.0904,0.0671,0.0997,0.1056,0.0346,0.1231,0.1626,0.3652,0.3262,0.2995,0.2109,0.2104,0.2085,0.2282,0.0747,0.1969,0.4086,0.6385,0.797,0.7508,0.5517,0.2214,0.4672,0.4479,0.2297,0.3235,0.448,0.5581,0.652,0.5354,0.2478,0.2268,0.1788,0.0898,0.0536,0.0374,0.099,0.0956,0.0317,0.0142,0.0076,0.0223,0.0255,0.0145,0.0233,0.0041,0.0018,0.0048,0.0089,0.0085,R
0.0762,0.0666,0.0481,0.0394,0.059,0.0649,0.1209,0.2467,0.3564,0.4459,0.4152,0.3952,0.4256,0.4135,0.4528,0.5326,0.7306,0.6193,0.2032,0.4636,0.4148,0.4292,0.573,0.5399,0.3161,0.2285,0.6995,1.0,0.7262,0.4724,0.5103,0.5459,0.2881,0.0981,0.1951,0.4181,0.4604,0.3217,0.2828,0.243,0.1979,0.2444,0.1847,0.0841,0.0692,0.0528,0.0357,0.0085,0.023,0.0046,0.0156,0.0031,0.0054,0.0105,0.011,0.0015,0.0072,0.0048,0.0107,0.0094,R
0.0721,0.1574,0.1112,0.1085,0.0666,0.18,0.1108,0.2794,0.1408,0.0795,0.2534,0.392,0.3375,0.161,0.1889,0.3308,0.2282,0.2177,0.1853,0.5167,0.5342,0.6298,0.8437,0.6756,0.5825,0.6141,0.8809,0.8375,0.3869,0.5051,0.5455,0.4241,0.1534,0.495,0.6983,0.7109,0.5647,0.487,0.5515,0.4433,0.525,0.6075,0.5251,0.1359,0.4268,0.4442,0.2193,0.09,0.12,0.0628,0.0234,0.0309,0.0127,0.0082,0.0281,0.0117,0.0092,0.0147,0.0157,0.0129,M
0.0373,0.0281,0.0232,0.0225,0.0179,0.0733,0.0841,0.1031,0.0993,0.0802,0.1564,0.2565,0.2624,0.1179,0.0597,0.1563,0.2241,0.3586,0.1792,0.3256,0.6079,0.6988,0.8391,0.8553,0.771,0.6215,0.5736,0.4402,0.4056,0.4411,0.513,0.5965,0.7272,0.6539,0.5902,0.5393,0.4897,0.4081,0.4145,0.6003,0.7196,0.6633,0.6287,0.4087,0.3212,0.2518,0.1482,0.0988,0.0317,0.0269,0.0066,0.0008,0.0045,0.0024,0.0006,0.0073,0.0096,0.0054,0.0085,0.006,R
0.0208,0.0186,0.0131,0.0211,0.061,0.0613,0.0612,0.0506,0.0989,0.1093,0.1063,0.1179,0.1291,0.1591,0.168,0.1918,0.1615,0.1647,0.1397,0.1426,0.2429,0.2816,0.429,0.6443,0.9061,1.0,0.8087,0.6119,0.526,0.3677,0.2746,0.102,0.1339,0.1582,0.1952,0.1787,0.0429,0.1096,0.1762,0.2481,0.315,0.292,0.1902,0.0696,0.0758,0.091,0.0441,0.0244,0.0265,0.0095,0.014,0.0074,0.0063,0.0081,0.0087,0.0044,0.0028,0.0019,0.0049,0.0023,R
0.0228,0.0106,0.013,0.0842,0.1117,0.1506,0.1776,0.0997,0.1428,0.2227,0.2621,0.3109,0.2859,0.3316,0.3755,0.4499,0.4765,0.6254,0.7304,0.8702,0.9349,0.9614,0.9126,0.9443,1.0,0.9455,0.8815,0.752,0.7068,0.5986,0.3857,0.251,0.2162,0.0968,0.1323,0.1344,0.225,0.3244,0.3939,0.3806,0.3258,0.3654,0.2983,0.1779,0.1535,0.1199,0.0959,0.0765,0.0649,0.0313,0.0185,0.0098,0.0178,0.0077,0.0074,0.0095,0.0055,0.0045,0.0063,0.0039,M
0.0262,0.0582,0.1099,0.1083,0.0974,0.228,0.2431,0.3771,0.5598,0.6194,0.6333,0.706,0.5544,0.532,0.6479,0.6931,0.6759,0.7551,0.8929,0.8619,0.7974,0.6737,0.4293,0.3648,0.5331,0.2413,0.507,0.8533,0.6036,0.8514,0.8512,0.5045,0.1862,0.2709,0.4232,0.3043,0.6116,0.6756,0.5375,0.4719,0.4647,0.2587,0.2129,0.2222,0.2111,0.0176,0.1348,0.0744,0.013,0.0106,0.0033,0.0232,0.0166,0.0095,0.018,0.0244,0.0316,0.0164,0.0095,0.0078,R
0.0269,0.0383,0.0505,0.0707,0.1313,0.2103,0.2263,0.2524,0.3595,0.5915,0.6675,0.5679,0.5175,0.3334,0.2002,0.2856,0.2937,0.3424,0.5949,0.7526,0.8959,0.8147,0.7109,0.7378,0.7201,0.8254,0.8917,0.982,0.8179,0.4848,0.3203,0.2775,0.2382,0.2911,0.1675,0.3156,0.1869,0.3391,0.5993,0.4124,0.1181,0.3651,0.4655,0.4777,0.3517,0.092,0.1227,0.1785,0.1085,0.03,0.0346,0.0167,0.0199,0.0145,0.0081,0.0045,0.0043,0.0027,0.0055,0.0057,M
0.0311,0.0491,0.0692,0.0831,0.0079,0.02,0.0981,0.1016,0.2025,0.0767,0.1767,0.2555,0.2812,0.2722,0.3227,0.3463,0.5395,0.7911,0.9064,0.8701,0.7672,0.2957,0.4148,0.6043,0.3178,0.3482,0.6158,0.8049,0.6289,0.4999,0.583,0.666,0.4124,0.126,0.2487,0.4676,0.5382,0.315,0.2139,0.1848,0.1679,0.2328,0.1015,0.0713,0.0615,0.0779,0.0761,0.0845,0.0592,0.0068,0.0089,0.0087,0.0032,0.013,0.0188,0.0101,0.0229,0.0182,0.0046,0.0038,R
0.0093,0.0269,0.0217,0.0339,0.0305,0.1172,0.145,0.0638,0.074,0.136,0.2132,0.3738,0.3738,0.2673,0.2333,0.5367,0.7312,0.7659,0.6271,0.4395,0.433,0.4326,0.5544,0.736,0.8589,0.8989,0.942,0.9401,0.9379,0.8575,0.7284,0.67,0.7547,0.8773,0.9919,0.9922,0.9419,0.8388,0.6605,0.4816,0.2917,0.1769,0.1136,0.0701,0.1578,0.1938,0.1106,0.0693,0.0176,0.0205,0.0309,0.0212,0.0091,0.0056,0.0086,0.0092,0.007,0.0116,0.006,0.011,R
0.0315,0.0252,0.0167,0.0479,0.0902,0.1057,0.1024,0.1209,0.1241,0.1533,0.2128,0.2536,0.2686,0.2803,0.1886,0.1485,0.216,0.2417,0.2989,0.3341,0.3786,0.3956,0.5232,0.6913,0.7868,0.8337,0.9199,1.0,0.899,0.6456,0.5967,0.4355,0.2997,0.2294,0.1866,0.0922,0.1829,0.1743,0.2452,0.2407,0.2518,0.3184,0.1685,0.0675,0.1186,0.1833,0.1878,0.1114,0.031,0.0143,0.0138,0.0108,0.0062,0.0044,0.0072,0.0007,0.0054,0.0035,0.0001,0.0055,M
0.0258,0.0433,0.0547,0.0681,0.0784,0.125,0.1296,0.1729,0.2794,0.2954,0.2506,0.2601,0.2249,0.2115,0.127,0.1193,0.1794,0.2185,0.1646,0.074,0.0625,0.2381,0.4824,0.6372,0.7531,0.8959,0.9941,0.9957,0.9328,0.9344,0.8854,0.769,0.6865,0.639,0.6378,0.6629,0.5983,0.4565,0.3129,0.4158,0.4325,0.4031,0.4201,0.4557,0.3955,0.2966,0.2095,0.1558,0.0884,0.0265,0.0121,0.0091,0.0062,0.0019,0.0045,0.0079,0.0031,0.0063,0.0048,0.005,M
0.0712,0.0901,0.1276,0.1497,0.1284,0.1165,0.1285,0.1684,0.183,0.2127,0.2891,0.3985,0.4576,0.5821,0.5027,0.193,0.2579,0.3177,0.2745,0.6186,0.8958,0.7442,0.5188,0.2811,0.1773,0.6607,0.7576,0.5122,0.4701,0.5479,0.4347,0.1276,0.0846,0.0927,0.0313,0.0998,0.1781,0.1586,0.3001,0.2208,0.1455,0.2895,0.3203,0.1414,0.0629,0.0734,0.0805,0.0608,0.0565,0.0286,0.0154,0.0154,0.0156,0.0054,0.003,0.0048,0.0087,0.0101,0.0095,0.0068,M
0.0068,0.0232,0.0513,0.0444,0.0249,0.0637,0.0422,0.113,0.1911,0.2475,0.1606,0.0922,0.2398,0.322,0.4295,0.2652,0.0666,0.1442,0.2373,0.2595,0.2493,0.3903,0.6384,0.8037,0.7026,0.6874,0.6997,0.8558,1.0,0.9621,0.8996,0.7575,0.6902,0.5686,0.4396,0.4546,0.2959,0.1587,0.1681,0.0842,0.1173,0.1754,0.2728,0.1705,0.0194,0.0213,0.0354,0.042,0.0093,0.0204,0.0199,0.0173,0.0163,0.0055,0.0045,0.0068,0.0041,0.0052,0.0194,0.0105,R
0.0117,0.0069,0.0279,0.0583,0.0915,0.1267,0.1577,0.1927,0.2361,0.2169,0.118,0.0754,0.2782,0.3758,0.5093,0.6592,0.7071,0.7532,0.8357,0.8593,0.9615,0.9838,0.8705,0.6403,0.5067,0.5395,0.6934,0.8487,0.8213,0.5962,0.295,0.2758,0.2885,0.1893,0.1446,0.0955,0.0888,0.0836,0.0894,0.1547,0.2318,0.2225,0.1035,0.1721,0.2017,0.1787,0.1112,0.0398,0.0305,0.0084,0.0039,0.0053,0.0029,0.002,0.0013,0.0029,0.002,0.0062,0.0026,0.0052,M
0.0047,0.0059,0.008,0.0554,0.0883,0.1278,0.1674,0.1373,0.2922,0.3469,0.3265,0.3263,0.2301,0.1253,0.2102,0.2401,0.1928,0.1673,0.1228,0.0902,0.1557,0.3291,0.5268,0.674,0.7906,0.8938,0.9395,0.9493,0.904,0.9151,0.8828,0.8086,0.718,0.672,0.6447,0.6879,0.6241,0.4936,0.4144,0.424,0.4546,0.4392,0.4323,0.4921,0.471,0.3196,0.2241,0.1806,0.099,0.0251,0.0129,0.0095,0.0126,0.0069,0.0039,0.0068,0.006,0.0045,0.0002,0.0029,M
0.0036,0.0078,0.0092,0.0387,0.053,0.1197,0.1243,0.1026,0.1239,0.0888,0.0937,0.1245,0.1599,0.1542,0.1846,0.1732,0.1477,0.1748,0.1455,0.1579,0.2257,0.1975,0.3368,0.5828,0.8505,1.0,0.8457,0.6624,0.5564,0.3925,0.3233,0.2054,0.192,0.2227,0.3147,0.2268,0.0795,0.0748,0.1166,0.1969,0.2619,0.2507,0.1983,0.0948,0.0931,0.0965,0.0381,0.0435,0.0336,0.0055,0.0079,0.0119,0.0055,0.0035,0.0036,0.0004,0.0018,0.0049,0.0024,0.0016,R
0.0207,0.0535,0.0334,0.0818,0.074,0.0324,0.0918,0.107,0.1553,0.1234,0.1796,0.1787,0.1247,0.2577,0.337,0.399,0.1647,0.2266,0.3219,0.5356,0.8159,1.0,0.8701,0.6889,0.6299,0.5738,0.5707,0.5976,0.4301,0.2058,0.1,0.2247,0.2308,0.3977,0.3317,0.1726,0.1429,0.2168,0.1967,0.214,0.3674,0.2023,0.0778,0.0925,0.2388,0.34,0.2594,0.1102,0.0911,0.0462,0.0171,0.0033,0.005,0.019,0.0103,0.0121,0.0042,0.009,0.007,0.0099,M
0.0151,0.032,0.0599,0.105,0.1163,0.1734,0.1679,0.1119,0.0889,0.1205,0.0847,0.1518,0.2305,0.2793,0.3404,0.4527,0.695,0.8807,0.9154,0.7542,0.6736,0.7146,0.8335,0.7701,0.6993,0.6543,0.504,0.4926,0.4992,0.4161,0.1631,0.0404,0.0637,0.2962,0.3609,0.1866,0.0476,0.1497,0.2405,0.198,0.3175,0.2379,0.1716,0.1559,0.1556,0.0422,0.0493,0.0476,0.0219,0.0059,0.0086,0.0061,0.0015,0.0084,0.0128,0.0054,0.0011,0.0019,0.0023,0.0062,R
0.0099,0.0484,0.0299,0.0297,0.0652,0.1077,0.2363,0.2385,0.0075,0.1882,0.1456,0.1892,0.3176,0.134,0.2169,0.2458,0.2589,0.2786,0.2298,0.0656,0.1441,0.1179,0.1668,0.1783,0.2476,0.257,0.1036,0.5356,0.7124,0.6291,0.4756,0.6015,0.7208,0.6234,0.5725,0.7523,0.8712,0.9252,0.9709,0.9297,0.8995,0.7911,0.56,0.2838,0.4407,0.5507,0.4331,0.2905,0.1981,0.0779,0.0396,0.0173,0.0149,0.0115,0.0202,0.0139,0.0029,0.016,0.0106,0.0134,R
0.0123,0.0309,0.0169,0.0313,0.0358,0.0102,0.0182,0.0579,0.1122,0.0835,0.0548,0.0847,0.2026,0.2557,0.187,0.2032,0.1463,0.2849,0.5824,0.7728,0.7852,0.8515,0.5312,0.3653,0.5973,0.8275,1.0,0.8673,0.6301,0.4591,0.394,0.2576,0.2817,0.2641,0.2757,0.2698,0.3994,0.4576,0.394,0.2522,0.1782,0.1354,0.0516,0.0337,0.0894,0.0861,0.0872,0.0445,0.0134,0.0217,0.0188,0.0133,0.0265,0.0224,0.0074,0.0118,0.0026,0.0092,0.0009,0.0044,R
0.005,0.0017,0.027,0.045,0.0958,0.083,0.0879,0.122,0.1977,0.2282,0.2521,0.3484,0.3309,0.2614,0.1782,0.2055,0.2298,0.3545,0.6218,0.7265,0.8346,0.8268,0.8366,0.9408,0.951,0.9801,0.9974,1.0,0.9036,0.6409,0.3857,0.2908,0.204,0.1653,0.1769,0.114,0.074,0.0941,0.0621,0.0426,0.0572,0.1068,0.1909,0.2229,0.2203,0.2265,0.1766,0.1097,0.0558,0.0142,0.0281,0.0165,0.0056,0.001,0.0027,0.0062,0.0024,0.0063,0.0017,0.0028,M
0.02,0.0371,0.0428,0.0207,0.0954,0.0986,0.1539,0.1601,0.3109,0.2111,0.1609,0.1582,0.2238,0.0645,0.066,0.2273,0.31,0.2999,0.5078,0.4797,0.5783,0.5071,0.4328,0.555,0.6711,0.6415,0.7104,0.808,0.6791,0.3857,0.1307,0.2604,0.5121,0.7547,0.8537,0.8507,0.6692,0.6097,0.4943,0.2744,0.051,0.2834,0.2825,0.4256,0.2641,0.1386,0.1051,0.1343,0.0383,0.0324,0.0232,0.0027,0.0065,0.0159,0.0072,0.0167,0.018,0.0084,0.009,0.0032,R
0.0158,0.0239,0.015,0.0494,0.0988,0.1425,0.1463,0.1219,0.1697,0.1923,0.2361,0.2719,0.3049,0.2986,0.2226,0.1745,0.2459,0.31,0.3572,0.4283,0.4268,0.3735,0.4585,0.6094,0.7221,0.7595,0.8706,1.0,0.9815,0.7187,0.5848,0.4192,0.3756,0.3263,0.1944,0.1394,0.167,0.1275,0.1666,0.2574,0.2258,0.2777,0.1613,0.1335,0.1976,0.1234,0.1554,0.1057,0.049,0.0097,0.0223,0.0121,0.0108,0.0057,0.0028,0.0079,0.0034,0.0046,0.0022,0.0021,M
0.0731,0.1249,0.1665,0.1496,0.1443,0.277,0.2555,0.1712,0.0466,0.1114,0.1739,0.316,0.3249,0.2164,0.2031,0.258,0.1796,0.2422,0.3609,0.181,0.2604,0.6572,0.9734,0.9757,0.8079,0.6521,0.4915,0.5363,0.7649,0.525,0.5101,0.4219,0.416,0.1906,0.0223,0.4219,0.5496,0.2483,0.2034,0.2729,0.2837,0.4463,0.3178,0.0807,0.1192,0.2134,0.3241,0.2945,0.1474,0.0211,0.0361,0.0444,0.023,0.029,0.0141,0.0161,0.0177,0.0194,0.0207,0.0057,M
0.0116,0.0744,0.0367,0.0225,0.0076,0.0545,0.111,0.1069,0.1708,0.2271,0.3171,0.2882,0.2657,0.2307,0.1889,0.1791,0.2298,0.3715,0.6223,0.726,0.7934,0.8045,0.8067,0.9173,0.9327,0.9562,1.0,0.9818,0.8684,0.6381,0.3997,0.3242,0.2835,0.2413,0.2321,0.126,0.0693,0.0701,0.1439,0.1475,0.0438,0.0469,0.1476,0.1742,0.1555,0.1651,0.1181,0.072,0.0321,0.0056,0.0202,0.0141,0.0103,0.01,0.0034,0.0026,0.0037,0.0044,0.0057,0.0035,M
0.0201,0.0178,0.0274,0.0232,0.0724,0.0833,0.1232,0.1298,0.2085,0.272,0.2188,0.3037,0.2959,0.2059,0.0906,0.161,0.18,0.218,0.2026,0.1506,0.0521,0.2143,0.4333,0.5943,0.6926,0.7576,0.8787,0.906,0.8528,0.9087,0.9657,0.9306,0.7774,0.6643,0.6604,0.6884,0.6938,0.5932,0.5774,0.6223,0.5841,0.4527,0.4911,0.5762,0.5013,0.4042,0.3123,0.2232,0.1085,0.0414,0.0253,0.0131,0.0049,0.0104,0.0102,0.0092,0.0083,0.002,0.0048,0.0036,M
0.0392,0.0108,0.0267,0.0257,0.041,0.0491,0.1053,0.169,0.2105,0.2471,0.268,0.3049,0.2863,0.2294,0.1165,0.2127,0.2062,0.2222,0.3241,0.433,0.5071,0.5944,0.7078,0.7641,0.8878,0.9711,0.988,0.9812,0.9464,0.8542,0.6457,0.3397,0.3828,0.3204,0.1331,0.044,0.1234,0.203,0.1652,0.1043,0.1066,0.211,0.2417,0.1631,0.0769,0.0723,0.0912,0.0812,0.0496,0.0101,0.0089,0.0083,0.008,0.0026,0.0079,0.0042,0.0071,0.0044,0.0022,0.0014,M
0.0179,0.0136,0.0408,0.0633,0.0596,0.0808,0.209,0.3465,0.5276,0.5965,0.6254,0.4507,0.3693,0.2864,0.1635,0.0422,0.1785,0.4394,0.695,0.8097,0.855,0.8717,0.8601,0.9201,0.8729,0.8084,0.8694,0.8411,0.5793,0.3754,0.3485,0.4639,0.6495,0.6901,0.5666,0.5188,0.506,0.3885,0.3762,0.3738,0.2605,0.1591,0.1875,0.2267,0.1577,0.1211,0.0883,0.085,0.0355,0.0219,0.0086,0.0123,0.006,0.0187,0.0111,0.0126,0.0081,0.0155,0.016,0.0085,M
0.0522,0.0437,0.018,0.0292,0.0351,0.1171,0.1257,0.1178,0.1258,0.2529,0.2716,0.2374,0.1878,0.0983,0.0683,0.1503,0.1723,0.2339,0.1962,0.1395,0.3164,0.5888,0.7631,0.8473,0.9424,0.9986,0.9699,1.0,0.863,0.6979,0.7717,0.7305,0.5197,0.1786,0.1098,0.1446,0.1066,0.144,0.1929,0.0325,0.149,0.0328,0.0537,0.1309,0.091,0.0757,0.1059,0.1005,0.0535,0.0235,0.0155,0.016,0.0029,0.0051,0.0062,0.0089,0.014,0.0138,0.0077,0.0031,M
0.0715,0.0849,0.0587,0.0218,0.0862,0.1801,0.1916,0.1896,0.296,0.4186,0.4867,0.5249,0.5959,0.6855,0.8573,0.9718,0.8693,0.8711,0.8954,0.9922,0.898,0.8158,0.8373,0.7541,0.5893,0.5488,0.5643,0.5406,0.4783,0.4439,0.3698,0.2574,0.1478,0.1743,0.1229,0.1588,0.1803,0.1436,0.1667,0.263,0.2234,0.1239,0.0869,0.2092,0.1499,0.0676,0.0899,0.0927,0.0658,0.0086,0.0216,0.0153,0.0121,0.0096,0.0196,0.0042,0.0066,0.0099,0.0083,0.0124,M
0.1313,0.2339,0.3059,0.4264,0.401,0.1791,0.1853,0.0055,0.1929,0.2231,0.2907,0.2259,0.3136,0.3302,0.366,0.3956,0.4386,0.467,0.5255,0.3735,0.2243,0.1973,0.4337,0.6532,0.507,0.2796,0.4163,0.595,0.5242,0.4178,0.3714,0.2375,0.0863,0.1437,0.2896,0.4577,0.3725,0.3372,0.3803,0.4181,0.3603,0.2711,0.1653,0.1951,0.2811,0.2246,0.1921,0.15,0.0665,0.0193,0.0156,0.0362,0.021,0.0154,0.018,0.0013,0.0106,0.0127,0.0178,0.0231,M
0.0308,0.0339,0.0202,0.0889,0.157,0.175,0.092,0.1353,0.1593,0.2795,0.3336,0.294,0.1608,0.3335,0.4985,0.7295,0.735,0.8253,0.8793,0.9657,1.0,0.8707,0.6471,0.5973,0.8218,0.7755,0.6111,0.4195,0.299,0.1354,0.2438,0.5624,0.5555,0.6963,0.7298,0.7022,0.5468,0.1421,0.4738,0.641,0.4375,0.3178,0.2377,0.2808,0.1374,0.1136,0.1034,0.0688,0.0422,0.0117,0.007,0.0167,0.0127,0.0138,0.009,0.0051,0.0029,0.0122,0.0056,0.002,R
0.1371,0.1226,0.1385,0.1484,0.1776,0.1428,0.1773,0.2161,0.163,0.2067,0.4257,0.5484,0.7131,0.7003,0.6777,0.7939,0.9382,0.8925,0.9146,0.7832,0.796,0.7983,0.7716,0.6615,0.486,0.5572,0.4697,0.564,0.4517,0.3369,0.2684,0.2339,0.3052,0.3016,0.2753,0.1041,0.1757,0.3156,0.3603,0.2736,0.1301,0.2458,0.3404,0.1753,0.0679,0.1062,0.0643,0.0532,0.0531,0.0272,0.0171,0.0118,0.0129,0.0344,0.0065,0.0067,0.0022,0.0079,0.0146,0.0051,M
0.0366,0.0421,0.0504,0.025,0.0596,0.0252,0.0958,0.0991,0.1419,0.1847,0.2222,0.2648,0.2508,0.2291,0.1555,0.1863,0.2387,0.3345,0.5233,0.6684,0.7766,0.7928,0.794,0.9129,0.9498,0.9835,1.0,0.9471,0.8237,0.6252,0.4181,0.3209,0.2658,0.2196,0.1588,0.0561,0.0948,0.17,0.1215,0.1282,0.0386,0.1329,0.2331,0.2468,0.196,0.1985,0.157,0.0921,0.0549,0.0194,0.0166,0.0132,0.0027,0.0022,0.0059,0.0016,0.0025,0.0017,0.0027,0.0027,M
0.0346,0.0509,0.0079,0.0243,0.0432,0.0735,0.0938,0.1134,0.1228,0.1508,0.1809,0.239,0.2947,0.2866,0.401,0.5325,0.5486,0.5823,0.6041,0.6749,0.7084,0.789,0.9284,0.9781,0.9738,1.0,0.9702,0.9956,0.8235,0.602,0.5342,0.4867,0.3526,0.1566,0.0946,0.1613,0.2824,0.339,0.3019,0.2945,0.2978,0.2676,0.2055,0.2069,0.1625,0.1216,0.1013,0.0744,0.0386,0.005,0.0146,0.004,0.0122,0.0107,0.0112,0.0102,0.0052,0.0024,0.0079,0.0031,M
0.0336,0.0294,0.0476,0.0539,0.0794,0.0804,0.1136,0.1228,0.1235,0.0842,0.0357,0.0689,0.1705,0.3257,0.4602,0.6225,0.7327,0.7843,0.7988,0.8261,1.0,0.9814,0.962,0.9601,0.9118,0.9086,0.7931,0.5877,0.3474,0.4235,0.4633,0.341,0.2849,0.2847,0.1742,0.0549,0.1192,0.1154,0.0855,0.1811,0.1264,0.0799,0.0378,0.1268,0.1125,0.0505,0.0949,0.0677,0.0259,0.017,0.0033,0.015,0.0111,0.0032,0.0035,0.0169,0.0137,0.0015,0.0069,0.0051,R
0.0353,0.0713,0.0326,0.0272,0.037,0.0792,0.1083,0.0687,0.0298,0.088,0.1078,0.0979,0.225,0.2819,0.2099,0.124,0.1699,0.0939,0.1091,0.141,0.1268,0.3151,0.143,0.2264,0.5756,0.7876,0.7158,0.5998,0.5583,0.6295,0.7659,0.894,0.8436,0.6807,0.838,1.0,0.9497,0.7866,0.5647,0.348,0.2585,0.2304,0.2948,0.3363,0.3017,0.2193,0.1316,0.1078,0.0559,0.0035,0.0098,0.0163,0.0242,0.0043,0.0202,0.0108,0.0037,0.0096,0.0093,0.0053,R
0.018,0.0444,0.0476,0.0698,0.1615,0.0887,0.0596,0.1071,0.3175,0.2918,0.3273,0.3035,0.3033,0.2587,0.1682,0.1308,0.2803,0.4519,0.6641,0.7683,0.696,0.4393,0.2432,0.2886,0.4974,0.8172,1.0,0.9238,0.8519,0.7722,0.5772,0.519,0.6824,0.622,0.5054,0.3578,0.3809,0.3813,0.3359,0.2771,0.3648,0.3834,0.3453,0.2096,0.1031,0.0798,0.0701,0.0526,0.0241,0.0117,0.0122,0.0122,0.0114,0.0098,0.0027,0.0025,0.0026,0.005,0.0073,0.0022,M
0.1083,0.107,0.0257,0.0837,0.0748,0.1125,0.3322,0.459,0.5526,0.5966,0.5304,0.2251,0.2402,0.2689,0.6646,0.6632,0.1674,0.0837,0.4331,0.8718,0.7992,0.3712,0.1703,0.1611,0.2086,0.2847,0.2211,0.6134,0.5807,0.6925,0.3825,0.4303,0.7791,0.8703,1.0,0.9212,0.9386,0.9303,0.7314,0.4791,0.2087,0.2016,0.1669,0.2872,0.4374,0.3097,0.1578,0.0553,0.0334,0.0209,0.0172,0.018,0.011,0.0234,0.0276,0.0032,0.0084,0.0122,0.0082,0.0143,M
0.0096,0.0404,0.0682,0.0688,0.0887,0.0932,0.0955,0.214,0.2546,0.2952,0.4025,0.5148,0.4901,0.4127,0.3575,0.3447,0.3068,0.2945,0.4351,0.7264,0.8147,0.8103,0.6665,0.6958,0.7748,0.8688,1.0,0.9941,0.8793,0.6482,0.5876,0.6408,0.4972,0.2755,0.03,0.3356,0.3167,0.4133,0.6281,0.4977,0.2613,0.4697,0.4806,0.4921,0.5294,0.2216,0.1401,0.1888,0.0947,0.0134,0.031,0.0237,0.0078,0.0144,0.017,0.0012,0.0109,0.0036,0.0043,0.0018,M
0.0394,0.042,0.0446,0.0551,0.0597,0.1416,0.0956,0.0802,0.1618,0.2558,0.3078,0.3404,0.34,0.3951,0.3352,0.2252,0.2086,0.2248,0.3382,0.4578,0.6474,0.6708,0.7007,0.7619,0.7745,0.6767,0.7373,0.7834,0.9619,1.0,0.8086,0.5558,0.5409,0.4988,0.3108,0.2897,0.2244,0.096,0.2287,0.3228,0.3454,0.3882,0.324,0.0926,0.1173,0.0566,0.0766,0.0969,0.0588,0.005,0.0118,0.0146,0.004,0.0114,0.0032,0.0062,0.0101,0.0068,0.0053,0.0087,M
0.0094,0.0166,0.0398,0.0359,0.0681,0.0706,0.102,0.0893,0.0381,0.1328,0.1303,0.0273,0.0644,0.0712,0.1204,0.0717,0.1224,0.2349,0.3684,0.3918,0.4925,0.8793,0.9606,0.8786,0.6905,0.6937,0.5674,0.654,0.7802,0.7575,0.5836,0.6316,0.8108,0.9039,0.8647,0.6695,0.4027,0.237,0.2685,0.3662,0.3267,0.22,0.2996,0.2205,0.1163,0.0635,0.0465,0.0422,0.0174,0.0172,0.0134,0.0141,0.0191,0.0145,0.0065,0.0129,0.0217,0.0087,0.0077,0.0122,R
0.0086,0.0215,0.0242,0.0445,0.0667,0.0771,0.0499,0.0906,0.1229,0.1185,0.0775,0.1101,0.1042,0.0853,0.0456,0.1304,0.269,0.2947,0.3669,0.4948,0.6275,0.8162,0.9237,0.871,0.8052,0.8756,1.0,0.9858,0.9427,0.8114,0.6987,0.681,0.6591,0.6954,0.729,0.668,0.5917,0.4899,0.3439,0.2366,0.1716,0.1013,0.0766,0.0845,0.026,0.0333,0.0205,0.0309,0.0101,0.0095,0.0047,0.0072,0.0054,0.0022,0.0016,0.0029,0.0058,0.005,0.0024,0.003,R
0.026,0.0363,0.0136,0.0272,0.0214,0.0338,0.0655,0.14,0.1843,0.2354,0.272,0.2442,0.1665,0.0336,0.1302,0.1708,0.2177,0.3175,0.3714,0.4552,0.57,0.7397,0.8062,0.8837,0.9432,1.0,0.9375,0.7603,0.7123,0.8358,0.7622,0.4567,0.1715,0.1549,0.1641,0.1869,0.2655,0.1713,0.0959,0.0768,0.0847,0.2076,0.2505,0.1862,0.1439,0.147,0.0991,0.0041,0.0154,0.0116,0.0181,0.0146,0.0129,0.0047,0.0039,0.0061,0.004,0.0036,0.0061,0.0115,M
0.0442,0.0477,0.0049,0.0581,0.0278,0.0678,0.1664,0.149,0.0974,0.1268,0.1109,0.2375,0.2007,0.214,0.1109,0.2036,0.2468,0.6682,0.8345,0.8252,0.8017,0.8982,0.9664,0.8515,0.6626,0.3241,0.2054,0.5669,0.5726,0.4877,0.7532,0.76,0.5185,0.412,0.556,0.5569,0.1336,0.3831,0.4611,0.433,0.2556,0.1466,0.3489,0.2659,0.0944,0.137,0.1344,0.0416,0.0719,0.0637,0.021,0.0204,0.0216,0.0135,0.0055,0.0073,0.008,0.0105,0.0059,0.0105,R
0.0291,0.04,0.0771,0.0809,0.0521,0.1051,0.0145,0.0674,0.1294,0.1146,0.0942,0.0794,0.0252,0.1191,0.1045,0.205,0.1556,0.269,0.3784,0.4024,0.347,0.1395,0.1208,0.2827,0.15,0.2626,0.4468,0.752,0.9036,0.7812,0.4766,0.2483,0.5372,0.6279,0.3647,0.4572,0.6359,0.6474,0.552,0.3253,0.2292,0.0653,0.0,0.0,0.0,0.0,0.0,0.0,0.0,0.0,0.0,0.0056,0.0237,0.0204,0.005,0.0137,0.0164,0.0081,0.0139,0.0111,R
0.0015,0.0186,0.0289,0.0195,0.0515,0.0817,0.1005,0.0124,0.1168,0.1476,0.2118,0.2575,0.2354,0.1334,0.0092,0.1951,0.3685,0.4646,0.5418,0.626,0.742,0.8257,0.8609,0.84,0.8949,0.9945,1.0,0.9649,0.8747,0.6257,0.2184,0.2945,0.3645,0.5012,0.7843,0.9361,0.8195,0.6207,0.4513,0.3004,0.2674,0.2241,0.3141,0.3693,0.2986,0.2226,0.0849,0.0359,0.0289,0.0122,0.0045,0.0108,0.0075,0.0089,0.0036,0.0029,0.0013,0.001,0.0032,0.0047,M
0.0223,0.0375,0.0484,0.0475,0.0647,0.0591,0.0753,0.0098,0.0684,0.1487,0.1156,0.1654,0.3833,0.3598,0.1713,0.1136,0.0349,0.3796,0.7401,0.9925,0.9802,0.889,0.6712,0.4286,0.3374,0.7366,0.9611,0.7353,0.4856,0.1594,0.3007,0.4096,0.317,0.3305,0.3408,0.2186,0.2463,0.2726,0.168,0.2792,0.2558,0.174,0.2121,0.1099,0.0985,0.1271,0.1459,0.1164,0.0777,0.0439,0.0061,0.0145,0.0128,0.0145,0.0058,0.0049,0.0065,0.0093,0.0059,0.0022,R
